INSERT INTO ROLE (ID, NAME) VALUES
(1, 'ROLE_ADMIN'),
(2, 'ROLE_USER');

INSERT INTO USER (ID, USERNAME, PASSWORD, ROLE_ID) VALUES
(1, 'admin', '$2a$10$Vg0DX4wSeu0n89k1wJxy.OE38IlUSSj.3cbaebyJdtPjxIncdOmii', 1),
(2, 'test1', '$2a$10$Vg0DX4wSeu0n89k1wJxy.OE38IlUSSj.3cbaebyJdtPjxIncdOmii', 2),
(3, 'test2', '$2a$10$Vg0DX4wSeu0n89k1wJxy.OE38IlUSSj.3cbaebyJdtPjxIncdOmii', 2);

INSERT INTO ROOM (ID, NAME) VALUES
(1,'Alaska'),
(2,'Syberia');

INSERT INTO SEAT (ID, ROW, COl, ROOM_ID) VALUES
(1, 1, 1, 1),
(2, 1, 2, 1),
(3, 1, 3, 1),
(6, 1, 4, 1),
(7, 1, 5, 1),
(8, 1, 6, 1),
(9, 1, 7, 1),
(10, 1, 8, 1),
(11, 1, 9, 1),
(12, 1, 10, 1),
(13, 2, 1, 1),
(14, 2, 2, 1),
(15, 2, 3, 1),
(16, 2, 4, 1),
(17, 2, 5, 1),
(18, 2, 6, 1),
(19, 2, 7, 1),
(20, 2, 8, 1),
(21, 2, 9, 1),
(22, 2, 10, 1),
(23, 3, 1, 1),
(24, 3, 2, 1),
(25, 3, 3, 1),
(26, 3, 4, 1),
(27, 3, 5, 1),
(28, 3, 6, 1),
(29, 3, 7, 1),
(30, 3, 8, 1),
(31, 3, 9, 1),
(32, 3, 10, 1),
(33, 4, 1, 1),
(34, 4, 2, 1),
(35, 4, 3, 1),
(36, 4, 4, 1),
(37, 4, 5, 1),
(38, 4, 6, 1),
(39, 4, 7, 1),
(40, 4, 8, 1),
(41, 4, 9, 1),
(42, 4, 10, 1),
(111, 1, 1, 2),
(121, 1, 2, 2),
(131, 1, 3, 2),
(141, 1, 4, 2),
(151, 1, 5, 2),
(161, 1, 6, 2),
(171, 1, 7, 2),
(181, 1, 8, 2),
(191, 1, 9, 2),
(201, 1, 10, 2),
(112, 2, 1, 2),
(122, 2, 2, 2),
(132, 2, 3, 2),
(142, 2, 4, 2),
(152, 2, 5, 2),
(162, 2, 6, 2),
(172, 2, 7, 2),
(182, 2, 8, 2),
(192, 2, 9, 2),
(202, 2, 10, 2),
(113, 3, 1, 2),
(123, 3, 2, 2),
(133, 3, 3, 2),
(143, 3, 4, 2),
(153, 3, 5, 2),
(163, 3, 6, 2),
(173, 3, 7, 2),
(183, 3, 8, 2),
(193, 3, 9, 2),
(203, 3, 10, 2),
(114, 4, 1, 2),
(124, 4, 2, 2),
(134, 4, 3, 2),
(144, 4, 4, 2),
(154, 4, 5, 2),
(164, 4, 6, 2),
(174, 4, 7, 2),
(184, 4, 8, 2),
(194, 4, 9, 2),
(204, 4, 10, 2),
(115, 5, 1, 2),
(125, 5, 2, 2),
(135, 5, 3, 2),
(145, 5, 4, 2),
(155, 5, 5, 2),
(165, 5, 6, 2),
(175, 5, 7, 2),
(185, 5, 8, 2),
(195, 5, 9, 2),
(205, 5, 10, 2),
(116, 6, 1, 2),
(126, 6, 2, 2),
(136, 6, 3, 2),
(146, 6, 4, 2),
(156, 6, 5, 2),
(166, 6, 6, 2),
(176, 6, 7, 2),
(186, 6, 8, 2),
(196, 6, 9, 2),
(206, 6, 10, 2),
(117, 7, 1, 2),
(127, 7, 2, 2),
(137, 7, 3, 2),
(147, 7, 4, 2),
(157, 7, 5, 2),
(167, 7, 6, 2),
(177, 7, 7, 2),
(187, 7, 8, 2),
(197, 7, 9, 2),
(207, 7, 10, 2),
(118, 8, 1, 2),
(128, 8, 2, 2),
(138, 8, 3, 2),
(148, 8, 4, 2),
(158, 8, 5, 2),
(168, 8, 6, 2),
(178, 8, 7, 2),
(188, 8, 8, 2),
(198, 8, 9, 2),
(208, 8, 10, 2),
(119, 9, 1, 2),
(129, 9, 2, 2),
(139, 9, 3, 2),
(149, 9, 4, 2),
(159, 9, 5, 2),
(169, 9, 6, 2),
(179, 9, 7, 2),
(189, 9, 8, 2),
(199, 9, 9, 2),
(209, 9, 10, 2);

INSERT INTO MOVIE (ID, TITLE, DESCRIPTION, LANG, LINK, MINUTES, POSTER, PRICE, TRAILER) VALUES
(1, 'Planeta Singli','Romantyczna Ania bierze udział w reality show ukazującym prawdziwą twarz facetów flirtujących w sieci i wyśmiewającym naiwność kobiet szukających tam ideału.', 'PL', 'https://www.filmweb.pl/film/Planeta+Singli-2016-751987', 136, 'https://encrypted-tbn0.gstatic.com/images?q=tbn:ANd9GcTYO9jLaIiJqm_vFzkCm03mkWDOxGUIKMwnYhpgh2np-LdlfB73Kw', 30, 'https://www.youtube.com/embed/3SiHYzecr0U'),
(2, 'Planeta Singli 2','Związek Ani i Tomka przeżywa kryzys, bo oboje mają względem siebie inne zamiary. Tymczasem na horyzoncie pojawia się zakochany w dziewczynie milioner.', 'PL', 'https://www.filmweb.pl/film/Planeta+Singli+2-2018-804915?ref=ls_d_4_planeta', 140, 'https://static1.s-trojmiasto.pl/zdj/c/n/49/2175/0x600/2175180__kr.jpg', 35, 'https://www.youtube.com/embed/tFOJIvJQU8A'),
(3, 'Glass','Security guard David Dunn uses his supernatural abilities to track Kevin Wendell Crumb, a disturbed man who has twenty-four personalities.', 'EN', 'https://www.imdb.com/title/tt6823368/?pf_rd_m=A2FGELUUNOQJNL&pf_rd_p=740b2354-425b-4cd3-947b-7f9cb4349875&pf_rd_r=TX2CR7BSPGWDB185M9EH&pf_rd_s=right-7&pf_rd_t=15061&pf_rd_i=homepage&ref_=hm_cht_t0', 118, 'https://encrypted-tbn0.gstatic.com/images?q=tbn:ANd9GcSZ7fvuWDJW6jqmljTBssh34CAfaeXn6qwfNNN1WoOoLiPuQDWc', 40, 'https://www.youtube.com/embed/aBL6COBGjCA'),
(4, 'Planeta Singli 3','Każdy ma problemy z rodziną. Tomek i Ania wreszcie decydują się na ślub. Wesele – na prośbę Ani – odbędzie się na wsi, u krewnych Tomka.', 'PL', 'https://www.filmweb.pl/film/Planeta+Singli+3-2019-814592', 180, 'https://ocdn.eu/pulscms-transforms/1/cbcktkqTURBXy9iZDQyNTFjMDFhZTcwZDE3ZjgwNDdjODUwMGEzYjAzMi5qcGVnkpUDzNgAzQS4zQKokwXNA5jNAfQ', 40, 'https://www.filmweb.pl/video/zwiastun/nr+1-49023'),
(5, 'The Upside','A comedic look at the relationship between a wealthy man with quadriplegia and an unemployed man with a criminal record whos hired to help him.', 'EN', 'https://www.imdb.com/title/tt1987680/?ref_=inth_ov_tt', 126, 'https://i.ytimg.com/vi/EWw7rCHcduQ/maxresdefault.jpg', 60, 'https://www.youtube.com/watch?v=EWw7rCHcduQ'),
(6, 'Spider-Man Uniwersum','Teen Miles Morales becomes Spider-Man of his reality, crossing his path with five counterparts from other dimensions to stop a threat for all realities.', 'EN', 'https://www.imdb.com/title/tt4633694/?ref_=inth_ov_tt', 117, 'http://filmozercy.com/uploads/images/original/spiderwersum.jpg', 70, 'https://www.youtube.com/watch?v=ZrMfYn-GX6E');



INSERT INTO SHOWING (ID, DATETIME, END_DATETIME, MOVIE_ID, ROOM_ID) VALUES
(1, '2019-02-03 19:40:00', '2019-02-03 21:56:00', 1, 1),
(2, '2019-02-03 19:40:00', '2019-02-03 21:56:00', 1, 2),
(3, '2019-02-03 22:00:00', '2019-02-03 23:58:00', 3, 1);